<?xml version="1.0" encoding="UTF-8"?>
<extension id="richtext_tinymce" status="released" xmlns="http://getsymphony.com/schemas/extension/1.0">
	<name>Rich Text (TinyMCE) Text Formatter</name>
	<description>WYSIWYG for your text areas</description>
	<repo type="github">https://github.com/symphonists/richtext_tinymce</repo>
	<url type="discuss">https://www.getsymphony.com/discuss/thread/158/</url>
	<types>
		<type>Text Formatters</type>
	</types>
	<authors>
		<author>
			<name github="symphonists" symphony="community">Symphony Community</name>
		</author>
	</authors>
	<releases>
		<release version="3.1.0" date="2018-05-18" min="2.2" max="2.x.x">
			- Added the image capabilities (image upload/editing) and cleaned up the options to remove unnecessary stuff
			- Image upload path can be set in preferences 
		</release>
		<release version="3.0.1" date="2017-08-15" min="2.2" max="2.x.x">
			- Fix a problem with entity encoding
		</release>
		<release version="3.0.0" date="2017-07-24" min="2.2" max="2.x.x">
			- Update TinyMCE to 4.4.3
		</release>
		<release version="2.2" date="2016-11-22" min="2.3.x" />
		<release version="2.1" date="2012-03-16" min="2.3.x" />
		<release version="2.0" date="2011-03-22" min="2.2" max="2.2.5" />
	</releases>
</extension>
